{"DocumentId":"Aswini Kumaraswami_ABC_NGO.pdf","ResultsVersion":0,"ResultsDocument":{"Bounds":{"StartPage":0,"PageCount":1,"TextStartIndex":0,"TextLength":393},"Language":null,"DocumentGroup":"Invoice and Receipts","DocumentCategory":"Income","DocumentTypeId":"InvoiceandReceipts.Income.DonationReceipt","DocumentTypeName":"Donation Receipt","DocumentTypeDataVersion":0,"DataVersion":0,"DocumentTypeSource":"Automatic","DocumentTypeField":{"Components":[],"Value":"Donation Receipt","Reference":{"TextStartIndex":0,"TextLength":0,"Tokens":[]},"DerivedFields":[],"Confidence":1.0,"OperatorConfirmed":false,"OcrConfidence":-1.0},"Fields":[{"FieldId":"InvoiceandReceipts.Income.DonationReceipt.Dates","FieldName":"Dates","FieldType":"Date","IsMissing":true,"DataSource":"Automatic","Values":[],"DataVersion":0},{"FieldId":"InvoiceandReceipts.Income.DonationReceipt.ReceiptNumber","FieldName":"Receipt Number","FieldType":"Number","IsMissing":true,"DataSource":"Automatic","Values":[],"DataVersion":0},{"FieldId":"InvoiceandReceipts.Income.DonationReceipt.Name","FieldName":"Name","FieldType":"Name","IsMissing":true,"DataSource":"Automatic","Values":[],"DataVersion":0},{"FieldId":"InvoiceandReceipts.Income.DonationReceipt.Address","FieldName":"Address","FieldType":"Address","IsMissing":true,"DataSource":"Automatic","Values":[],"DataVersion":0},{"FieldId":"InvoiceandReceipts.Income.DonationReceipt.Contact","FieldName":"Contact","FieldType":"Number","IsMissing":true,"DataSource":"Automatic","Values":[],"DataVersion":0},{"FieldId":"InvoiceandReceipts.Income.DonationReceipt.Amount","FieldName":"Amount","FieldType":"Number","IsMissing":true,"DataSource":"Automatic","Values":[],"DataVersion":0}]}}