﻿{
  "DataContractVersion": "1.0",
  "DocumentTypes": [
    {
      "DocumentTypeId": "InvoiceandReceipts.Income.DonationReceipt",
      "Group": "Invoice and Receipts",
      "Category": "Income",
      "Name": "Donation Receipt",
      "OptionalUniqueIdentifier": null,
      "TypeField": {
        "FieldId": "InvoiceandReceipts.Income.DonationReceipt.DocumentType",
        "FieldName": "Document Type"
      },
      "Fields": [
        {
          "FieldId": "InvoiceandReceipts.Income.DonationReceipt.Dates",
          "FieldName": "Dates",
          "IsMultiValue": true,
          "Type": "Date",
          "DeriveFieldsFormat": "",
          "Components": [],
          "SetValues": []
        },
        {
          "FieldId": "InvoiceandReceipts.Income.DonationReceipt.ReceiptNumber",
          "FieldName": "Receipt Number",
          "IsMultiValue": true,
          "Type": "Number",
          "DeriveFieldsFormat": "",
          "Components": [],
          "SetValues": []
        },
        {
          "FieldId": "InvoiceandReceipts.Income.DonationReceipt.Name",
          "FieldName": "Name",
          "IsMultiValue": true,
          "Type": "Name",
          "DeriveFieldsFormat": "",
          "Components": [],
          "SetValues": []
        },
        {
          "FieldId": "InvoiceandReceipts.Income.DonationReceipt.Address",
          "FieldName": "Address",
          "IsMultiValue": true,
          "Type": "Address",
          "DeriveFieldsFormat": "",
          "Components": [],
          "SetValues": []
        },
        {
          "FieldId": "InvoiceandReceipts.Income.DonationReceipt.Contact",
          "FieldName": "Contact",
          "IsMultiValue": true,
          "Type": "Number",
          "DeriveFieldsFormat": "",
          "Components": [],
          "SetValues": []
        },
        {
          "FieldId": "InvoiceandReceipts.Income.DonationReceipt.Amount",
          "FieldName": "Amount",
          "IsMultiValue": true,
          "Type": "Number",
          "DeriveFieldsFormat": "",
          "Components": [],
          "SetValues": []
        }
      ]
    },
    {
      "DocumentTypeId": "InvoiceandReceipts.Expense.Expense",
      "Group": "Invoice and Receipts",
      "Category": "Expense",
      "Name": "Expense",
      "OptionalUniqueIdentifier": null,
      "TypeField": {
        "FieldId": "InvoiceandReceipts.Expense.Expense.DocumentType",
        "FieldName": "Document Type"
      },
      "Fields": [
        {
          "FieldId": "InvoiceandReceipts.Expense.Expense.Type",
          "FieldName": "Type",
          "IsMultiValue": false,
          "Type": "Name",
          "DeriveFieldsFormat": "",
          "Components": [],
          "SetValues": []
        },
        {
          "FieldId": "InvoiceandReceipts.Expense.Expense.Dates",
          "FieldName": "Dates",
          "IsMultiValue": true,
          "Type": "Date",
          "DeriveFieldsFormat": "",
          "Components": [],
          "SetValues": []
        },
        {
          "FieldId": "InvoiceandReceipts.Expense.Expense.Amount",
          "FieldName": "Amount",
          "IsMultiValue": true,
          "Type": "Number",
          "DeriveFieldsFormat": "",
          "Components": [],
          "SetValues": []
        }
      ]
    }
  ],
  "Groups": [
    {
      "Name": "Invoice and Receipts",
      "Categories": [
        "Expense",
        "Income"
      ]
    }
  ],
  "SupportedLanguages": [
    {
      "Name": "Undetermined Language",
      "Code": "und"
    },
    {
      "Name": "Bulgarian",
      "Code": "bul"
    },
    {
      "Name": "Cantonese",
      "Code": "yue"
    },
    {
      "Name": "Danish",
      "Code": "dan"
    },
    {
      "Name": "Dutch",
      "Code": "nld"
    },
    {
      "Name": "English",
      "Code": "eng"
    },
    {
      "Name": "French",
      "Code": "fra"
    },
    {
      "Name": "Georgian",
      "Code": "kat"
    },
    {
      "Name": "German",
      "Code": "deu"
    },
    {
      "Name": "Greek",
      "Code": "ell"
    },
    {
      "Name": "Hebrew",
      "Code": "heb"
    },
    {
      "Name": "Hindi",
      "Code": "hin"
    },
    {
      "Name": "Italian",
      "Code": "ita"
    },
    {
      "Name": "Japanese",
      "Code": "jpn"
    },
    {
      "Name": "Korean",
      "Code": "kor"
    },
    {
      "Name": "Macedonian",
      "Code": "mkd"
    },
    {
      "Name": "Mandarin",
      "Code": "zho"
    },
    {
      "Name": "Marathi",
      "Code": "mar"
    },
    {
      "Name": "Norwegian",
      "Code": "nor"
    },
    {
      "Name": "Polish",
      "Code": "pol"
    },
    {
      "Name": "Portuguese",
      "Code": "por"
    },
    {
      "Name": "Romanian",
      "Code": "ron"
    },
    {
      "Name": "Russian",
      "Code": "rus"
    },
    {
      "Name": "Serbian",
      "Code": "srp"
    },
    {
      "Name": "Spanish",
      "Code": "spa"
    },
    {
      "Name": "Swedish",
      "Code": "swe"
    },
    {
      "Name": "Telugu",
      "Code": "tel"
    }
  ]
}